efficacy,coverage,vacc_start,vacc_window,durability,vacc_type,infected,cum_infected,death,cum_death
0.1,0.1,1,120,360,I1-S1,"[[0.01, 0.009218539295145645, 0.008861062492287132, 0.008775054427722603, 0.008868437292185104, 0.009085534705664557, 0.009392654985781254, 0.009769442926944562, 0.010203683920941174, 0.01068817719947262, 0.011218850143210387, 0.011793617812577085, 0.012411690663705855, 0.013073152406411935, 0.013778701199007405, 0.014529490036990887, 0.015327027753525208, 0.01617311737427188, 0.01706981776519633, 0.01801942003735791, 0.019024433498487765, 0.020087577947888728, 0.021211780326106027, 0.02240017446973097, 0.02365610317388653, 0.02498312204392652, 0.026385004791818302, 0.027865749742554808, 0.029429587386445147, 0.031080988859178177, 0.03282467526218087, 0.03466562775650843, 0.036609098377678534, 0.03866062152857771, 0.040826026114117495, 0.04311144828551311, 0.045523344764409786, 0.04806850671791732, 0.05075407415513504, 0.053587550814083965, 0.05657681950518184, 0.05973015787353472, 0.06305625453738345, 0.06656422555402014, 0.07026363115734942, 0.07416449270296689, 0.07827730974710893, 0.08261307717502907, 0.08718330228220422, 0.09200002169819238, 0.09707581802786655, 0.10242383606805544, 0.10805779843924022, 0.11399202045180484, 0.12024142400433352, 0.12682155028751851, 0.13374857104132032, 0.14103929808506274, 0.14871119081011672, 0.15678236129272616, 0.16527157665038333, 0.17419825822903715, 0.18358247717043027, 0.19344494586918037, 0.20380700478808467, 0.21469060405785523, 0.22611827924449024, 0.23811312062427092, 0.25069873526357705, 0.2638992011591052, 0.27773901265457407, 0.29224301631369454, 0.30743633639733964, 0.32334428906693646, 0.33999228441778956, 0.3574057154372324, 0.3756098329853046, 0.3946296059124138, 0.4144895654617261, 0.43521363315661016, 0.456824931448281, 0.4793455764989488, 0.502796452604449, 0.5271969679207238, 0.552564791353763, 0.5789155707056569, 0.6062626324428994, 0.6346166637691879, 0.6639853780452154, 0.6943731650030149, 0.7257807276519112, 0.7582047082653248, 0.7916373063693165, 0.8260658922197471, 0.8614726198481608, 0.8978340443675641, 0.9351207488463711, 0.9732969866675343, 1.0123203458733536, 1.0521414425351963, 1.0927036506596275, 1.1339428765245294, 1.1757873856055068, 1.2181576903782938, 1.2609665072411524, 1.3041187905676261, 1.3475118514520945, 1.3910355680295539, 1.4345726933231813, 1.4779992653911933, 1.521185123108772, 1.56399452924088, 1.6062869005570848, 1.6479176426401587, 1.6887390847870551, 1.728601508045357, 1.7673542570313692, 1.8048469238069043, 1.840930589825622, 1.875459109875121, 1.9082904201167086, 1.939287850836554, 1.968321449243525, 1.9952695101036462, 2.020019878243922, 2.042470872268579, 2.062532150287768, 2.08012552093691, 2.095185661939148, 2.1076607188069123, 2.1175127633103314, 2.124718097451208, 2.1292673941212734, 2.131165670537347, 2.1304320950062516, 2.1270996316029627, 2.1212145309406516, 2.112835678349155, 2.102033813431783, 2.0888906371145, 2.07349782391956, 2.0559559582823446, 2.0363734142935392, 2.014865198310647, 1.9915517734782875, 1.9665578843721527, 1.9400113987927998, 1.9120421822452007, 1.8827810189146352, 1.8523585910568414, 1.8209045267266741, 1.7885465237376064, 1.7554095557314917, 1.72161516429442, 1.6872808392227399, 1.6525194873574414, 1.617438988890687, 1.58214183872264, 1.5467248693194708, 1.511279050597118, 1.4758893616266104, 1.4406347284170116, 1.4055880216688132, 1.3708161081883345, 1.3363799495948123, 1.3023347420176279, 1.2687300906523356, 1.2356102133019067, 1.2030141673557007, 1.170976095036105, 1.1395254821560112, 1.108687426065405, 1.0784829089102055, 1.048929072770742, 1.0200394936822683, 0.991824451958774, 0.9642911966386408, 0.9374442022424188, 0.911285416376452, 0.8858144970295873, 0.8610290386930574, 0.8369247866858841, 0.8134958392904765, 0.7907348374966763, 0.7686331423188615, 0.7471809997916645, 0.7263676938673644, 0.7061816875341448, 0.6866107525512586, 0.6676420882567987, 0.649262429948234, 0.6314581473670721, 0.6142153338387417, 0.5975198866287419, 0.5813575790777981, 0.5657141250736105, 0.5505752364060217, 0.5359266735371764, 0.5217542902994947, 0.5080440730128715, 0.49478217448919537, 0.48195494336769457, 0.46954894919927453, 0.4575510036723914, 0.445948178347453, 0.4347278192415669, 0.42387755858089854, 0.41338532401415, 0.4032393455578608, 0.3934281605224673, 0.3839406166474104, 0.3747658736540859, 0.3658934034071151, 0.35731298885726526, 0.3490147219233657, 0.3409890004557068, 0.3332265244096501, 0.3257182913454664, 0.3184555913587132, 0.31143000153470646, 0.3046333800107853, 0.2980578597210547, 0.29169584189006575, 0.28553998933440755, 0.2795832196243785, 0.2738186981517347, 0.2682398311439286, 0.26284025866020316, 0.25761384760035827, 0.2525546847529069, 0.2476570699056622, 0.2429155090384934, 0.2383247076150357, 0.23387956398750107, 0.2295751629263845, 0.2254067692847681, 0.221369821805068, 0.21745992707442596, 0.21367285363349475, 0.2100045262420883, 0.20645102030404475, 0.20300855645266874, 0.19967349529726203, 0.1964423323305094, 0.19331169299584347, 0.1902783279133609, 0.18733910826239036, 0.1844910213184142, 0.1817311661417099, 0.1790567494147982, 0.17646508142555722, 0.17395357219267718, 0.17151972772998658, 0.16916114644606942, 0.16687551567551415, 0.16466060833808152, 0.16251427972204838, 0.1604344643879743, 0.15841917318914608, 0.15646649040497693, 0.1545745709836728, 0.15274163789052508, 0.15096597955824356, 0.14924594743580766, 0.1475799536323832, 0.14596646865292706, 0.14440401922218157, 0.14289118619384153, 0.14142660254176365, 0.14000895143017267, 0.13863696435990774, 0.13730941938783978, 0.1360251394166796, 0.1347829905524848, 0.13358188052725997, 0.1324207571841327, 0.1312986070226723, 0.13021445380200233, 0.12916735719944122, 0.1281564115224845, 0.12718074447202302, 0.1262395159547668, 0.1253319169429204, 0.1244571683792279, 0.12361452012557703, 0.12280324995342018, 0.12202266257433753, 0.12127208870913102, 0.12055088419390132, 0.11985842912161969, 0.11919412701776501, 0.11855740404865292, 0.1179477082611374, 0.11736450885241835, 0.11680729546873832, 0.11627557753180046, 0.11576888359178604, 0.11528676070589512, 0.11482877384137653, 0.11439450530205529, 0.11398355417740479, 0.1135955358132497, 0.11323008130322204, 0.11288683700012751, 0.11256546404641392, 0.11226563792296462, 0.11198704801547184, 0.11172939719767368, 0.11149240143076741, 0.11127578937833875, 0.11107930203617271, 0.11090269237633656, 0.11074572500494936, 0.11060817583307522, 0.11048983176019897, 0.11039049036976427, 0.11030995963627341, 0.11024805764346751, 0.11020461231312378, 0.11017946114402373, 0.11017245096066268, 0.11018343767128705, 0.11021228603486015, 0.11025886943657238, 0.11032306967152464, 0.1104047767362269, 0.11050388862756667, 0.11062031114891309, 0.11075395772303405, 0.11090474921151422, 0.11107261374037172, 0.11125748653158112, 0.11145930974021906, 0.11167803229695766, 0.1119136097556389, 0.11216600414567084, 0.11243518382899383, 0.11272112336137162, 0.11302380335776901, 0.11334321036158332, 0.11367933671750308, 0.1140321804477727, 0.11440174513164665, 0.11478803978782164, 0.11519107875963962, 0.11561088160285882, 0.11604747297579338, 0.1165008825316261, 0.11697114481270228, 0.11745829914661511, 0.11796238954389661, 0.1184834645971302, 0.11902157738130377, 0.11957678535522388, 0.12014915026381427, 0.12073873804112312, 0.12134561871386557, 0.12196986630532922, 0.12261155873947181, 0.12327077774504129, 0.12394760875954965, 0.12464214083293293, 0.12535446653073024, 0.12608468183661564, 0.12683288605411724, 0.12759918170735837]]","[[0.01, 0.011673641661876198, 0.01362924112964257, 0.015801891478337392, 0.01815638858336921, 0.020675358488608485, 0.023352178352401824, 0.026186767065402457, 0.02918308926308475, 0.03234768294971947, 0.03568879842998464, 0.03921590219305116, 0.042939398624729425, 0.046870481749477215, 0.051021064665127035, 0.05540375552293504, 0.060031861562208355, 0.06491941026425858, 0.0700811811971711, 0.07553274480815815, 0.08129050601785032, 0.0873717514193929, 0.0937946994467546, 0.10057855320778576, 0.10774355587173572, 0.1153110486138869, 0.1233035311848787, 0.13174472520889913, 0.14065964033489944, 0.15007464337521878, 0.1600175305705096, 0.1705176031209459, 0.18160574612266825, 0.19331451104596398, 0.2056782018881254, 0.21873296512938234, 0.23251688361475023, 0.24707007447796456, 0.262434791215732, 0.27865553001112214, 0.295779140393833, 0.31385494031203504, 0.3329348356752704, 0.35307344441016236, 0.37432822505016056, 0.3967596098568771, 0.42043114244339663, 0.445409619838884, 0.47176523889845673, 0.4995717469222043, 0.5289065963019551, 0.5598511029634377, 0.5924906083143378, 0.6269146443449033, 0.6632171014566236, 0.7014963985155834, 0.7418556545397597, 0.784402861333261, 0.8292510562747178, 0.8765184943512044, 0.9263288184026905, 0.9788112264046464, 1.0341006344676678, 1.0923378340725693, 1.1536696418871404, 1.2182490403266595, 1.286235306824478, 1.3577941295719118, 1.4330977072689675, 1.5123248302000665, 1.5956609397132289, 1.6832981629389363, 1.7754353193383248, 1.872277895422278, 1.9740379837368043, 2.0809341819698615, 2.193191447805368, 2.311040904937142, 2.4347195954653906, 2.5644701737385125, 2.7005405365816406, 2.843183384779746, 2.9926557106673264, 3.149218206729644, 3.313134590253866, 3.4846708392945285, 3.664094335549215, 3.851672910190075, 4.047673789277431, 4.252362436105386, 4.466001288707145, 4.6888483917891, 4.921155923575109, 5.163168619429973, 5.415122095695018, 5.67724107890509, 5.949737547456673, 6.232808794846505, 6.526635425777867, 6.831379298709219, 7.1471814307611785, 7.474159883259042, 7.8124076485178024, 8.161990560715882, 8.522945255787238, 8.89527720711822, 9.278958865390914, 9.673927932092521, 10.080085796934942, 10.49729616962859, 10.925383936064495, 11.364134267924415, 11.813292013019126, 12.272561391226127, 12.741606017755771, 13.220049271637558, 13.707475022828392, 14.20342872626923, 14.707418885647622, 15.218918883676162, 15.737369169506499, 16.26217978761748, 16.792733254073195, 17.328387999984848, 17.86848197524638, 18.41233614148693, 18.95925813874142, 19.508546112654894, 20.05949264619562, 20.61138874106287, 21.163527794899125, 21.715209522099137, 22.265743768498734, 22.81445417351668, 23.360681637362024, 23.903787555618344, 24.44315678875872, 24.978200339795173, 25.508357719175372, 26.033098982055424, 26.55192642905059, 27.064375967354422, 27.57001813459371, 28.06845879284147, 28.559339504754043, 29.042337607763066, 29.517166005594166, 29.983572699078508, 30.441340080268482, 30.890284015280752, 31.330252742100797, 31.761125609837865, 32.18281168567266, 32.59524825505418, 32.9983992396427, 33.39225355613036, 33.77682343746529, 34.15214273622416, 34.5182652279801, 34.87526293055253, 35.2232244530502, 35.56225338667034, 35.892466747328754, 36.21399347839691, 36.526973020133276, 36.831553950833346, 37.127892703296325, 37.416152358921906, 37.69650152060963, 37.969113264634515, 38.23416417081115, 38.49183342952831, 38.74230202362871, 38.98575198261467, 39.22236570627091, 39.45232535449885, 39.6758122999442, 39.893006639859244, 40.10408676356538, 40.309228971858985, 40.50860714472818, 40.702392453809544, 40.89075311610716, 41.073854185613804, 41.25185737961042, 41.4249209365709, 41.593199502758814, 41.756844044769366, 41.91600178543858, 42.070816160711175, 42.22142679522593, 42.3679694945413, 42.51057625208275, 42.64937526904636, 42.78449098563911, 42.91604412217516, 43.04415172867844, 43.16892724176518, 43.29048054769517, 43.408918050588326, 43.524342744902775, 43.63685429136311, 43.74654909561288, 43.85352038894362, 43.95785831052474, 44.0596499906243, 44.15897963437085, 44.255928605660955, 44.350575510866676, 44.44299628204225, 44.533264259369616, 44.62145027261918, 44.707622721434994, 44.79184765428312, 44.87418884592823, 44.9547078733274, 45.03346418985061, 45.110515197756676, 45.18591631886939, 45.25972106341361, 45.33198109698381, 45.40274630562879, 45.47206485904624, 45.53998327188948, 45.60654646319595, 45.671797813953646, 45.73577922282717, 45.798531160069466, 45.86009271964966, 45.92050166963036, 45.979794500830664, 46.03800647381317, 46.09517166423515, 46.15132300660526, 46.20649233648816, 46.26071043120016, 46.31400704903921, 46.36641096709295, 46.41795001766826, 46.46865112338571, 46.518540330981764, 46.56764284386119, 46.61598305344154, 46.66358456933072, 46.710470248377995, 46.75666222263784, 46.80218192628537, 46.84705012152069, 46.89128692349905, 46.934911824322434, 46.977943716127086, 47.02040091330077, 47.06230117386233, 47.103661720035184, 47.14449925804527, 47.1848299971731, 47.22466966808858, 47.26403354049613, 47.30293644011683, 47.34139276503341, 47.379416501422746, 47.41702123869999, 47.45422018409725, 47.491026176699116, 47.527451700956405, 47.56350889969867, 47.599209586665346, 47.634565258574554, 47.66958710674789, 47.70428602830883, 47.73867263697165, 47.772757273437236, 47.806550015411304, 47.84006068726013, 47.87329886931821, 47.906273906861735, 47.938994918761125, 47.9714708058255, 48.00371025885128, 48.0357217663868, 48.06751362222411, 48.09909393262894, 48.130470623319205, 48.16165144620206, 48.192643985879094, 48.22345566592891, 48.25409375497586, 48.284565372553544, 48.314877494771046, 48.34503695978988, 48.37505047311904, 48.40492461273539, 48.43466583403632, 48.46428047463117, 48.49377475897792, 48.523154802871204, 48.55242661778742, 48.5815961150926, 48.61066911011851, 48.63965132611194, 48.66854839806236, 48.69736587641256, 48.72610923065685, 48.75478385283125, 48.78339506089984, 48.811948102041235, 48.84044815583917, 48.86890033738079, 48.89730970026626, 48.92568123953304, 48.95401989449818, 48.982330551521684, 49.01061804669398, 49.03888716845038, 49.06714266011529, 49.09538922237876, 49.12363151570799, 49.151874162696124, 49.18012175035074, 49.20837883232423, 49.236649931088095, 49.26493954005338, 49.29325212563904, 49.321592129290124, 49.3499639694476, 49.37837204347149, 49.40682072951889, 49.435314388378515, 49.46385736526306, 49.49245399156101, 49.52110858654901, 49.54982545906622, 49.5786089091517, 49.607463229646086, 49.636392707758574, 49.66540162660022, 49.69449426668452, 49.72367490739615, 49.752947828428724, 49.78231731119238, 49.81178764019187, 49.841363104375866, 49.87104799845811, 49.90084662421102, 49.93076329173222, 49.96080232068449, 49.99096804150965, 50.02126479661664, 50.05169694154422, 50.08226884609859, 50.11298489546611, 50.14384949130142, 50.174867052791, 50.20604201769243, 50.2373788433493, 50.26888200768185, 50.30055601015337, 50.33240537271216, 50.364434640709156, 50.39664838379089, 50.42905119676772, 50.46164770045707, 50.49444254250133, 50.527440398160294, 50.56064597107756, 50.594063994020686]]","[array([6.37688926e-05, 6.00799031e-05, 5.86664523e-05, 5.87302400e-05,
       5.97888959e-05, 6.15506385e-05, 6.38389811e-05, 6.65475637e-05,
       6.96129976e-05, 7.29985074e-05, 7.66840544e-05, 8.06603527e-05,
       8.49252307e-05, 8.94814058e-05, 9.43351174e-05, 9.94952811e-05,
       1.04972963e-04, 1.10781053e-04, 1.16934061e-04, 1.23447993e-04,
       1.30340284e-04, 1.37629757e-04, 1.45336613e-04, 1.53482441e-04,
       1.62090230e-04, 1.71184411e-04, 1.80790885e-04, 1.90937077e-04,
       2.01651989e-04, 2.12966254e-04, 2.24912209e-04, 2.37523958e-04,
       2.50837449e-04, 2.64890552e-04, 2.79723145e-04, 2.95377195e-04,
       3.11896855e-04, 3.29328553e-04, 3.47721094e-04, 3.67125758e-04,
       3.87596404e-04, 4.09189577e-04, 4.31964616e-04, 4.55983767e-04,
       4.81312292e-04, 5.08018586e-04, 5.36174285e-04, 5.65854388e-04,
       5.97137366e-04, 6.30105274e-04, 6.64843860e-04, 7.01442675e-04,
       7.39995169e-04, 7.80598794e-04, 8.23355085e-04, 8.68369747e-04,
       9.15752721e-04, 9.65618239e-04, 1.01808487e-03, 1.07327555e-03,
       1.13131757e-03, 1.19234257e-03, 1.25648652e-03, 1.32388958e-03,
       1.39469608e-03, 1.46905432e-03, 1.54711640e-03, 1.62903800e-03,
       1.71497810e-03, 1.80509865e-03, 1.89956414e-03, 1.99854120e-03,
       2.10219801e-03, 2.21070371e-03, 2.32422772e-03, 2.44293892e-03,
       2.56700478e-03, 2.69659042e-03, 2.83185742e-03, 2.97296272e-03,
       3.12005722e-03, 3.27328441e-03, 3.43277872e-03, 3.59866390e-03,
       3.77105116e-03, 3.95003726e-03, 4.13570242e-03, 4.32810818e-03,
       4.52729506e-03, 4.73328026e-03, 4.94605513e-03, 5.16558269e-03,
       5.39179507e-03, 5.62459087e-03, 5.86383269e-03, 6.10934452e-03,
       6.36090934e-03, 6.61826680e-03, 6.88111107e-03, 7.14908893e-03,
       7.42179809e-03, 7.69878587e-03, 7.97954824e-03, 8.26352930e-03,
       8.55012125e-03, 8.83866487e-03, 9.12845065e-03, 9.41872051e-03,
       9.70867015e-03, 9.99745217e-03, 1.02841799e-02, 1.05679318e-02,
       1.08477568e-02, 1.11226801e-02, 1.13917099e-02, 1.16538442e-02,
       1.19080789e-02, 1.21534154e-02, 1.23888696e-02, 1.26134799e-02,
       1.28263166e-02, 1.30264901e-02, 1.32131607e-02, 1.33855482e-02,
       1.35429395e-02, 1.36846940e-02, 1.38102494e-02, 1.39191271e-02,
       1.40109361e-02, 1.40853769e-02, 1.41422440e-02, 1.41814273e-02,
       1.42029124e-02, 1.42067802e-02, 1.41932047e-02, 1.41624502e-02,
       1.41148676e-02, 1.40508895e-02, 1.39710244e-02, 1.38758509e-02,
       1.37660105e-02, 1.36422003e-02, 1.35051656e-02, 1.33556919e-02,
       1.31945972e-02, 1.30227242e-02, 1.28409327e-02, 1.26500921e-02,
       1.24510744e-02, 1.22447478e-02, 1.20319707e-02, 1.18135856e-02,
       1.15904146e-02, 1.13632548e-02, 1.11328745e-02, 1.09000099e-02,
       1.06653623e-02, 1.04295964e-02, 1.01933382e-02, 9.95717432e-03,
       9.72165109e-03, 9.48727448e-03, 9.25451025e-03, 9.02378442e-03,
       8.79548411e-03, 8.56995854e-03, 8.34752034e-03, 8.12844695e-03,
       7.91298224e-03, 7.70133816e-03, 7.49369649e-03, 7.29021068e-03,
       7.09100767e-03, 6.89618968e-03, 6.70583610e-03, 6.52000521e-03,
       6.33873596e-03, 6.16204960e-03, 5.98995137e-03, 5.82243198e-03,
       5.65946912e-03, 5.50102882e-03, 5.34706679e-03, 5.19752959e-03,
       5.05235583e-03, 4.91147720e-03, 4.77481944e-03, 4.64230326e-03,
       4.51384518e-03, 4.38935826e-03, 4.26875278e-03, 4.15193691e-03,
       4.03881725e-03, 3.92929933e-03, 3.82328807e-03, 3.72068819e-03,
       3.62140457e-03, 3.52534258e-03, 3.43240832e-03, 3.34250890e-03,
       3.25555266e-03, 3.17144931e-03, 3.09011010e-03, 3.01144797e-03,
       2.93537764e-03, 2.86181570e-03, 2.79068067e-03, 2.72189308e-03,
       2.65537549e-03, 2.59105250e-03, 2.52885081e-03, 2.46869920e-03,
       2.41052850e-03, 2.35427165e-03, 2.29986361e-03, 2.24724137e-03,
       2.19634392e-03, 2.14711224e-03, 2.09948920e-03, 2.05341961e-03,
       2.00885010e-03, 1.96572912e-03, 1.92400689e-03, 1.88363535e-03,
       1.84456811e-03, 1.80676041e-03, 1.77016908e-03, 1.73475248e-03,
       1.70047046e-03, 1.66728431e-03, 1.63515672e-03, 1.60405174e-03,
       1.57393470e-03, 1.54477223e-03, 1.51653217e-03, 1.48918351e-03,
       1.46269644e-03, 1.43704218e-03, 1.41219307e-03, 1.38812243e-03,
       1.36480459e-03, 1.34221482e-03, 1.32032932e-03, 1.29912515e-03,
       1.27858024e-03, 1.25867333e-03, 1.23938395e-03, 1.22069239e-03,
       1.20257968e-03, 1.18502753e-03, 1.16801835e-03, 1.15153520e-03,
       1.13556175e-03, 1.12008231e-03, 1.10508173e-03, 1.09054544e-03,
       1.07645942e-03, 1.06281015e-03, 1.04958462e-03, 1.03677028e-03,
       1.02435507e-03, 1.01232737e-03, 1.00067597e-03, 9.89390079e-04,
       9.78459317e-04, 9.67873673e-04, 9.57623505e-04, 9.47699528e-04,
       9.38092797e-04, 9.28794694e-04, 9.19796920e-04, 9.11091479e-04,
       9.02670668e-04, 8.94527067e-04, 8.86653530e-04, 8.79043170e-04,
       8.71689358e-04, 8.64585705e-04, 8.57726057e-04, 8.51104491e-04,
       8.44715297e-04, 8.38552979e-04, 8.32612245e-04, 8.26887998e-04,
       8.21375330e-04, 8.16069518e-04, 8.10966012e-04, 8.06060435e-04,
       8.01348574e-04, 7.96826375e-04, 7.92489937e-04, 7.88335509e-04,
       7.84359481e-04, 7.80558383e-04, 7.76928879e-04, 7.73467762e-04,
       7.70171953e-04, 7.67038491e-04, 7.64064533e-04, 7.61247353e-04,
       7.58584330e-04, 7.56072955e-04, 7.53710818e-04, 7.51495611e-04,
       7.49425124e-04, 7.47497239e-04, 7.45709931e-04, 7.44061264e-04,
       7.42549385e-04, 7.41172527e-04, 7.39929005e-04, 7.38817209e-04,
       7.37835609e-04, 7.36982746e-04, 7.36257238e-04, 7.35657768e-04,
       7.35183090e-04, 7.34832026e-04, 7.34603458e-04, 7.34496336e-04,
       7.34509669e-04, 7.34642525e-04, 7.34894032e-04, 7.35263375e-04,
       7.35749791e-04, 7.36352575e-04, 7.37071074e-04, 7.37904683e-04,
       7.38852852e-04, 7.39915077e-04, 7.41090902e-04, 7.42379919e-04,
       7.43781765e-04, 7.45296121e-04, 7.46922713e-04, 7.48661309e-04,
       7.50511719e-04, 7.52473793e-04, 7.54547422e-04, 7.56732536e-04,
       7.59029103e-04, 7.61437127e-04, 7.63956652e-04, 7.66587755e-04,
       7.69330548e-04, 7.72185181e-04, 7.75151832e-04, 7.78230718e-04,
       7.81422084e-04, 7.84726207e-04, 7.88143397e-04, 7.91673992e-04,
       7.95318362e-04, 7.99076903e-04, 8.02950040e-04, 8.06938229e-04,
       8.11041947e-04, 8.15261703e-04, 8.19598028e-04, 8.24051480e-04,
       8.28622639e-04, 8.33312113e-04, 8.38120529e-04, 8.43048538e-04,
       8.48096813e-04])]","[[0, 6.376889264235199e-05, 0.00012384879577546584, 0.00018251524806791645, 0.00024124548808270388, 0.0003010343839725694, 0.00036258502250962504, 0.00042642400359630886, 0.0004929715673284044, 0.0005625845649414764, 0.0006355830723837465, 0.0007122671267655601, 0.0007929274795071054, 0.0008778527102094875, 0.0009673341160031069, 0.0010616692334011464, 0.0011611645145112501, 0.0012661374776619916, 0.001376918530700643, 0.0014938525914493564, 0.0016173005849185076, 0.0017476408693897184, 0.001885270626510352, 0.002030607239949474, 0.002184089680463614, 0.0023461799109080607, 0.0025173643218976715, 0.0026981552069180324, 0.002889092284375435, 0.0030907442731439106, 0.003303710527489058, 0.0035286227367386366, 0.003766146694675058, 0.004016984143308735, 0.004281874695428778, 0.004561597840100501, 0.004856975035073779, 0.005168871889871359, 0.00549820044313239, 0.005845921537585408, 0.006213047295809122, 0.006600643699701307, 0.007009833276308751, 0.00744179789236733, 0.007897781659553536, 0.008379093952049617, 0.008887112537565914, 0.009423286822437791, 0.009989141210811755, 0.010586278577247064, 0.011216383851275031, 0.01188122771156837, 0.012582670386366172, 0.013322665555664897, 0.014103264349410137, 0.014926619434495197, 0.01579498918177765, 0.01671074190255061, 0.017676360141937696, 0.018694445014505935, 0.019767720564995, 0.02089903813443142, 0.022091380709019167, 0.023347867226062063, 0.024671756807767693, 0.026066452890098818, 0.027535507209869817, 0.029082623609029634, 0.030711661610529625, 0.03242663971534965, 0.034231738365159865, 0.03613130250974654, 0.03812984371275286, 0.04023204172351536, 0.042442745436857526, 0.04476697315669166, 0.047209912073248386, 0.04977691685778513, 0.05247350727282244, 0.05530536469043901, 0.05827832740606127, 0.06139838463067005, 0.06467166904059421, 0.06810444776127063, 0.07170311165974291, 0.07547416282049015, 0.07942420008068349, 0.0835599025044386, 0.08788801068135618, 0.09241530574291867, 0.09714858600143456, 0.10209464113048758, 0.10726022382352698, 0.1126520188885772, 0.11827660976225593, 0.12414044245552003, 0.13024978697689082, 0.13661069631633677, 0.1432289631144028, 0.15011007418633815, 0.1572591631195207, 0.16468096121388334, 0.17237974708863096, 0.18035929533344372, 0.18862282463756055, 0.19717294588443093, 0.2060116107516576, 0.21514006140423286, 0.22455878191199366, 0.23426745205811408, 0.24426490423261607, 0.25454908412165017, 0.2651170159081048, 0.2759647726905445, 0.2870874528043821, 0.2984791626907064, 0.31013300690381873, 0.3220410857782422, 0.33419450119018174, 0.34658337074807893, 0.35919685063350093, 0.3720231671891148, 0.3850496572683029, 0.3982628179189921, 0.41164836615590783, 0.425191305693983, 0.4388759997000947, 0.45268624913553196, 0.4666053762144537, 0.4806163122663885, 0.4947016891321764, 0.5088439331077382, 0.5230253603734403, 0.5372282728046577, 0.5514350530482016, 0.5656282577666331, 0.5797907079952743, 0.5939055756219744, 0.607956465084249, 0.6219274894789849, 0.6358033403930136, 0.6495693508849889, 0.6632115511766278, 0.6767167167410603, 0.6900724086045651, 0.7032670058023615, 0.7162897300467888, 0.7291306627748911, 0.7417807548403597, 0.754231829200621, 0.7664765770227044, 0.7785085476909157, 0.790322133245225, 0.8019125478119417, 0.8132758026083107, 0.8244086771109851, 0.8353086869759638, 0.8459740492857538, 0.856403645679497, 0.8665969838949459, 0.8765541582187947, 0.8862758093052814, 0.8957630837833752, 0.9050175940313917, 0.9140413784555448, 0.9228368625666422, 0.9314068211076363, 0.9397543414446754, 0.9478827883962062, 0.95579577063892, 0.9634971087962375, 0.9709908052847511, 0.9782810159667147, 0.9853720236323102, 0.9922682133139911, 0.9989740494166259, 1.0054940546313138, 1.0118327905874507, 1.017994840186726, 1.0239847915540112, 1.0298072235333808, 1.0354666926525635, 1.0409677214757591, 1.0463147882627832, 1.0515123178517294, 1.0565646736825782, 1.061476150880298, 1.0662509703177985, 1.0708932735814896, 1.0754071187650494, 1.0797964770202007, 1.0840652297967337, 1.088217166707637, 1.0922559839588994, 1.0961852832873071, 1.1000085713532872, 1.1037292595395438, 1.1073506641098187, 1.1108760066856025, 1.1143084150019607, 1.117650923906847, 1.1209064765713104, 1.1240779258808737, 1.127168035981072, 1.130179483952658, 1.1331148615943578, 1.1359766772932467, 1.1387673579648532, 1.1414892510469832, 1.1441446265329822, 1.1467356790317464, 1.14926452984325, 1.151733229039686, 1.1541437575435294, 1.1564980291949323, 1.1587978928018627, 1.1610451341672985, 1.1632414780886038, 1.1653885903249535, 1.167488079529323, 1.1695414991421573, 1.1715503492443575, 1.1735160783676937, 1.1754400852611715, 1.177323720612249, 1.179168288722128, 1.1809750491346303, 1.182745218218423, 1.18447997070258, 1.186180441165649, 1.1878477254785722, 1.1894828822019405, 1.1910869339381858, 1.192660868639423, 1.1942056408717352, 1.1957221730367642, 1.1972113565515368, 1.1986740529874946, 1.200111095169735, 1.2015232882374975, 1.2029114106669545, 1.204276215257365, 1.2056184300816704, 1.206938759402604, 1.2082378845553814, 1.2095164647980394, 1.210775138130468, 1.2120145220831768, 1.2132352144768148, 1.214437794153446, 1.21562282168056, 1.2167908400287824, 1.2179423752242176, 1.2190779369763418, 1.2201980192823325, 1.221303101008703, 1.22239364645108, 1.2234701058729405, 1.2245329160240972, 1.225582500639701, 1.2266192709204968, 1.2276436259950525, 1.2286559533646508, 1.2296566293315159, 1.230646019411015, 1.2316244787284623, 1.2325923524011226, 1.233549975905994, 1.2344976754339267, 1.2354357682306156, 1.2363645629249815, 1.2372843598454402, 1.2381954513245368, 1.2390981219924073, 1.2399926490595061, 1.2408793025890295, 1.2417583457594412, 1.2426300351174941, 1.2434946208221265, 1.2443523468795936, 1.245203451370185, 1.2460481666668626, 1.2468867196461382, 1.247719331891503, 1.2485462198897026, 1.2493675952201433, 1.250183664737703, 1.2509946307492066, 1.2518006911838229, 1.2526020397576179, 1.253398866132501, 1.254191356069786, 1.2549796915785767, 1.2557640510591888, 1.2565446094417974, 1.2573215383205045, 1.2580950060830038, 1.258865178036019, 1.2596322165266793, 1.2603962810599976, 1.2611575284125969, 1.26191611274284, 1.2626721856974976, 1.2634258965150948, 1.2641773921260635, 1.2649268172498256, 1.2656743144889275, 1.2664200244203412, 1.2671640856840392, 1.2679066350689536, 1.2686478075964163, 1.2693877366011783, 1.270126553810105, 1.2708643894186316, 1.2716013721650676, 1.2723376294028315, 1.2730732871706942, 1.273808470261108, 1.2745433022866917, 1.2752779057449408, 1.2760124020812325, 1.2767469117501848, 1.2774815542754339, 1.278216448307885, 1.278951711682496, 1.2796874614736435, 1.2804238140491258, 1.281160885122847, 1.2818987898062346, 1.2826376426584285, 1.2833775577352895, 1.2841186486372635, 1.2848610285561424, 1.2856048103207565, 1.2863501064416347, 1.2870970291546637, 1.28784569046378, 1.2885962021827218, 1.2893486759758692, 1.2901032233982028, 1.2908599559343996, 1.2916189850370936, 1.292380422164324, 1.2931443788161874, 1.2939109665707167, 1.2946802971190037, 1.295452482299581, 1.2962276341320784, 1.2970058648501694, 1.2977872869338178, 1.298572013140837, 1.299360156537774, 1.300151830530122, 1.3009471488918756, 1.3017462257944281, 1.3025491758348242, 1.3033561140633638, 1.3041671560105672, 1.3049824177134983, 1.3058020157414507, 1.3066260672209917, 1.3074546898603674, 1.3082880019732626, 1.309126122501914, 1.30996917103957, 1.3108172678522942]]"
0.1,0.1,2,120,360,I1-S1,"[[0.01, 0.009218546420913139, 0.008861065283343765, 0.008775056622301677, 0.008868445777359948, 0.00908555491996569, 0.009392693178997253, 0.009769505713922075, 0.01020377806305584, 0.010688309504693414, 0.011219027435596425, 0.011793846943664173, 0.012411978549077171, 0.013073506076967539, 0.01377912786027382, 0.014529997132277676, 0.015327623028371831, 0.016173808940729402, 0.017070614165229914, 0.018020330305148834, 0.019025467221732803, 0.020088745328392513, 0.02121309224007597, 0.02240164252824121, 0.023657739783996826, 0.02498494047093764, 0.026387019223126952, 0.027867975353545252, 0.029432040408825553, 0.031083686652140455, 0.03282763638673458, 0.034668872053313544, 0.03661264704867829, 0.03866449722271181, 0.04083025301737686, 0.04311605221557992, 0.04552835327011049, 0.04807394918370034, 0.050759981910768984, 0.05359395724975584, 0.056583760192156454, 0.05973767069051693, 0.063064379802702, 0.06657300616372644, 0.07027311272929435, 0.07417472372688481, 0.07828834174069796, 0.08262496484597068, 0.08719610369601277, 0.09201379845172374, 0.09709063542824634, 0.1024397633167079, 0.10807490882060908, 0.11401039152625626, 0.1202611378046173, 0.12684269351803537, 0.13377123527930068, 0.14106357998260285, 0.14873719229584229, 0.15681018977165873, 0.1653013452003708, 0.17423008579187563, 0.1836164887355495, 0.19348127264748746, 0.2038457843732624, 0.2147319805720901, 0.2261624034652625, 0.23816015008847555, 0.2507488343448612, 0.2639525411139078, 0.2777957716319378, 0.2923033793234954, 0.3075004952311491, 0.32341244216529885, 0.34006463667727777, 0.35748247795023874, 0.3756912227051473, 0.39471584523600395, 0.41458088172176055, 0.4353102580150464, 0.4569271001827346, 0.47945352717364564, 0.5029104251174968, 0.5273172029197528, 0.5526915290124582, 0.5790490493543914, 0.6064030870476013, 0.6347643242537666, 0.664140467454359, 0.6945358975039772, 0.7259513063760481, 0.7583833229926433, 0.7918241310621583, 0.826261082414963, 0.8616763099207143, 0.8980463446824221, 0.9353417428197556, 0.9735267277630721, 1.0125588545632964, 1.0523887032616057, 1.0929596088351232, 1.1342074356167466, 1.1760604043536638, 1.2184389801940712, 1.2612558298492433, 1.3044158559436698, 1.3478163161170424, 1.3913470337596816, 1.4348907063337581, 1.478323316049126, 1.5215146462252156, 1.5643289049887938, 1.6066254560509776, 1.6482596542058259, 1.6890837809381036, 1.7289480731708455, 1.767701835785255, 1.8051946261754508, 1.841277496833865, 1.8758042798783363, 1.9086328956080152, 1.9396266656878303, 1.9686556104793487, 1.9955977353849763, 2.0203405041401363, 2.0427820618600925, 2.0628320573841243, 2.080412390689451, 2.0954578900104184, 2.107916883146918, 2.117751638191609, 2.124938656310662, 2.1294688055804327, 2.1313472904604396, 2.1305934564172033, 2.1272404335807638, 2.1213346271483227, 2.1129350655532306, 2.102112620185293, 2.088949112669958, 2.0735363273831577, 2.05597494799782, 2.0363734374410627, 2.014846880713679, 1.9915158096237109, 1.9665050276622569, 1.93994245205954, 1.9119579885662792, 1.8826824527768007, 1.8522465499143128, 1.820779923002006, 1.7884102773090504, 1.755262586945507, 1.7214583875349974, 1.687115157061164, 1.6523457852975247, 1.6172581307158027, 1.581954662442422, 1.5465321837061223, 1.511081632294103, 1.4756879528062388, 1.4404300349581602, 1.405380711821791, 1.3706068116906969, 1.3361692571997155, 1.3021232053950185, 1.2685182226228193, 1.235398488363423, 1.2028030224640485, 1.1707659306018126, 1.1393166632219134, 1.1084802836314915, 1.0782777413747344, 1.048726147459192, 1.0198390484383728, 0.9916266967745521, 0.9640963153029839, 0.937252353990354, 0.9110967375236504, 0.8856291025789949, 0.8608470239026771, 0.8367462285887177, 0.8133207981594422, 0.7905633582489451, 0.7684652558555076, 0.7470167242698099, 0.7262070359031172, 0.7060246433355982, 0.6864573089816461, 0.6674922238285916, 0.649116115749547, 0.6313153479222064, 0.6140760079050718, 0.5973839879324322, 0.581225056991052, 0.5655849252363006, 0.5504493012946376, 0.5358039429840746, 0.521634701965435, 0.507927562815796, 0.4946686769921518, 0.4818443921287232, 0.46944127708598765, 0.4574461431438625, 0.44584606170591917, 0.43462837885632166, 0.42378072708662734, 0.4132910344858315, 0.4031475316642275, 0.3933387566598945, 0.3838535580559758, 0.37468109651742476, 0.36581084493757654, 0.3572325873677681, 0.34893641688724253, 0.3409127325557276, 0.33315223557732015, 0.32564592479160487, 0.31838509159623446, 0.311361314394449, 0.30456645265115867, 0.2979926406322085, 0.291632280893221, 0.28547803757693296, 0.27952282957113955, 0.2737598235731951, 0.26818242710143697, 0.26278428148885663, 0.2575592548897948, 0.2525014353263454, 0.24760512379747482, 0.2428648274705658, 0.2382752529721449, 0.23383129979191522, 0.22952805381186675, 0.2253607809701467, 0.2213249210675166, 0.2174160817225809, 0.21363003248052143, 0.20996269907879508, 0.2064101578721305, 0.20296863041817856, 0.19963447822431676, 0.19640419765536432, 0.19327441500132425, 0.19024188170371725, 0.18730346973860176, 0.18445616715397578, 0.1816970737589213, 0.17902339696157424, 0.17643244775277436, 0.17392163683206685, 0.17148847087258223, 0.16913054892121224, 0.16684555893041947, 0.1646312744179656, 0.16248555125081343, 0.16040632454944817, 0.1583916057088712, 0.15643947953254206, 0.15454810147557999, 0.15271569499358348, 0.15094054899348058, 0.14922101538288782, 0.14755550671452414, 0.14594249392230202, 0.14438050414579684, 0.142868118639878, 0.14140397076637032, 0.13998674406470094, 0.13861517039857427, 0.13728802817580654, 0.13600414063853924, 0.13476237422113957, 0.13356163697318293, 0.13240087704499964, 0.13127908123335316, 0.1301952735849012, 0.12914851405517355, 0.12813789722088167, 0.1271625510434531, 0.1262216356817616, 0.12531434235209896, 0.12443989223350643, 0.12359753541665591, 0.12278654989453895, 0.12200624059328857, 0.12125593844152349, 0.12053499947666675, 0.11984280398675091, 0.11917875568628068, 0.11854228092477959, 0.11793282792670189, 0.11734986606144303, 0.11679288514223232, 0.11626139475273992, 0.11575492360027698, 0.11527301889451237, 0.11481524575067277, 0.11438118661623406, 0.11397044072015189, 0.11358262354371741, 0.11321736631216062, 0.1128743155061591, 0.11255313239244369, 0.11225349257272434, 0.11197508555019127, 0.1117176143128753, 0.11148079493318022, 0.11126435618292681, 0.11106803916327454, 0.11089159694891153, 0.11073479424592722, 0.11059740706280521, 0.1104792223939951, 0.11038003791554331, 0.11029966169228236, 0.11023791189609758, 0.11019461653480761, 0.1101696131912131, 0.11016274877188402, 0.11017387926527168, 0.11020286950874707, 0.11024959296418073, 0.11031393150169351, 0.11039577519122032, 0.11049502210154118, 0.11061157810644591, 0.11074535669770964, 0.11089627880456719, 0.11106427261938408, 0.11124927342923197, 0.11145122345308477, 0.11167007168436086, 0.11190577373854439, 0.11215829170562679, 0.11242759400711655, 0.11271365525737236, 0.11301645612902111, 0.11333598322222833, 0.1136722289375943, 0.11402519135245455, 0.11439487410036871, 0.11478128625358572, 0.11518444220827875, 0.1156043615723466, 0.11604106905558255, 0.116494594362015, 0.11696497208422789, 0.11745224159947158, 0.11795644696737792, 0.11847763682909583, 0.11901586430766613, 0.11957118690945642, 0.12014366642647907, 0.12073336883941674, 0.12134036422118216, 0.12196472664083963, 0.1226065340677176, 0.12326586827554256, 0.12394281474642561, 0.1246374625745339, 0.1253499043692801, 0.12608023615786362, 0.12682855728699788, 0.12759497032365846]]","[[0.01, 0.011673645222856313, 0.013629242613123422, 0.015801893897402716, 0.018156398480216975, 0.02067538363966151, 0.023352228825610267, 0.026186854941409897, 0.02918322848495941, 0.0323478892480579, 0.03568908930023407, 0.03921629691221803, 0.04293991829948482, 0.04687114939030888, 0.05102190528278612, 0.05540479624449247, 0.06003313176480684, 0.06492094172523585, 0.07008300825969632, 0.07553490456189908, 0.08129303849449471, 0.08737469980309737, 0.09379811029980019, 0.1005824767118895, 0.10774804608560977, 0.11531616374775709, 0.12330933389277701, 0.13175128289963461, 0.14066702550269153, 0.1500829339510482, 0.16002681029530771, 0.1705279619418045, 0.1816172806133078, 0.1933273248527527, 0.20569240620299115, 0.2187486791910074, 0.232534235239483, 0.24708920062192252, 0.26245583856960725, 0.2786786556292321, 0.29580451235898475, 0.31388273843779035, 0.33296525224721074, 0.35310668496775316, 0.3743645092108049, 0.39679917218372723, 0.4204742333584535, 0.4454565065828606, 0.4718162065388076, 0.4996270994106261, 0.5289666575825422, 0.5599162181325251, 0.5925611448328835, 0.6269909933040377, 0.6632996788967422, 0.7015856467990469, 0.7419520437769179, 0.7845068908611038, 0.8293632561869906, 0.8766394270782877, 0.9264590803389401, 0.9789514495802033, 1.0342514882609803, 1.0925000269590106, 1.1538439232181523, 1.2184362021327955, 1.2864361856345576, 1.3580096082392228, 1.433328716794065, 1.5125723515382068, 1.5959260055528548, 1.6835818594358813, 1.775738787788543, 1.8726023338539404, 1.9743846484005247, 2.0813043887036575, 2.1935865732487287, 2.3114623875662907, 2.4351689364195197, 2.564948937404474, 2.70105035090232, 2.8437259412491995, 2.993232763973744, 3.1498315740054275, 3.3137861498905776, 3.4853625292793295, 3.664828151278706, 3.8524509017172788, 4.048498057948134, 4.253235130541268, 4.466924600095171, 4.689824548439681, 4.922187184715566, 5.164257268205077, 5.416270431352798, 5.678451408153848, 5.9510121749882146, 6.234150013031039, 6.528045503547805, 6.832860469662194, 7.148735880526835, 7.475789736189486, 7.814114953777711, 8.163777277865012, 8.524813239965049, 8.897228193957183, 9.28099445580148, 9.676049577078025, 10.082294782608644, 10.499593602616907, 10.92777072948983, 11.366611128167362, 11.815859427462643, 12.27521961718324, 12.744355072777099, 13.22288892538524, 13.710404790688727, 14.206447864857587, 14.710526390336042, 15.22211348824702, 15.740649348004963, 16.265543758442103, 16.796178958543894, 17.331912807830246, 17.8720824911792, 18.416008343985265, 18.9629975216288, 19.512347797319908, 20.063351472515016, 20.615299342355343, 21.167484660847997, 21.719207052534, 22.269776320134277, 22.8185161011509, 23.364767330589817, 23.907891471786154, 24.447273482645315, 24.98232449033218, 25.51248415340329, 26.037222696433812, 26.556042608194844, 27.068480000248275, 27.574105628319796, 28.07252558387696, 28.56338166789044, 29.046351462725553, 29.521148121454154, 29.98751989657113, 30.44524943214367, 30.894152844830995, 31.3340786200205, 31.764906349577615, 32.18654533745703, 32.59893309873375, 33.002033776550114, 33.39583650010636, 33.78035370521513, 34.155619437156446, 34.521687653670924, 34.87863054396677, 35.2265368776407, 35.56551039546336, 35.89566825209217, 36.2171395189753, 36.53006375402239, 36.8345896430551, 37.13087371662461, 37.41907914449972, 37.69937460898857, 37.97193325725952, 38.236931731965754, 38.49454927874902, 38.74496692859119, 38.98836675248956, 39.22493118554262, 39.454842417237195, 39.67828184451574, 39.89542958406291, 40.10646404017504, 40.31156152455437, 40.51089592439449, 40.70463841518572, 40.892957214762276, 41.07601737523121, 41.25398060955946, 41.427005149746286, 41.59524563366849, 41.75885301785222, 41.917974513594125, 42.07275354402418, 42.22332971986978, 42.369838831844774, 42.51241285774581, 42.65117998249137, 42.7862646294849, 42.91778750182203, 43.04586563199332, 43.170612438856544, 43.292137790768564, 43.41054807387369, 43.52594626464567, 43.638432005872524, 43.748101685358975, 43.85504851669925, 43.959362621545196, 44.06113111286028, 44.160438178709974, 44.2573651661937, 44.351990665173, 44.44439059149542, 44.53463826945432, 44.62280451326107, 44.70895770733926, 44.793163885279824, 44.87548680732263, 44.95598803625326, 45.03472701162519, 45.111761122235926, 45.18714577680213, 45.26093447279379, 45.33317886339976, 45.403928822608755, 45.47323250839957, 45.54113642404279, 45.607685477523795, 45.67292303910335, 45.736890997037364, 45.79962981148212, 45.8611785666154, 45.92157502100684, 45.9808556562739, 46.039055724061775, 46.096209291387346, 46.152349284388706, 46.207507530522605, 46.2617147992529, 46.315000841273445, 46.367394426309104, 46.41892337953832, 46.46961461668072, 46.51949417779257, 46.56858725981255, 46.616918247899726, 46.664510745604716, 46.71138760391452, 46.75757094921025, 46.803082210176605, 46.847942143700436, 46.892170859795286, 46.93578784558739, 46.978811988397965, 47.02126159795519, 47.06315442776876, 47.10450769569846, 47.14533810374734, 47.18566185710922, 47.22549468249895, 47.26485184579327, 47.303748169008735, 47.342198046642615, 47.38021546140153, 47.417813999341696, 47.455006864443995, 47.491806892645904, 47.52822656535181, 47.564278022442195, 47.5999730748016, 47.63532321638429, 47.67033963583606, 47.70503322768974, 47.73941460315136, 47.77349410049322, 47.807281795069514, 47.84078750896959, 47.874020820323146, 47.90699107227135, 47.93970738161719, 47.97217864716768, 48.00441355778047, 48.03642060012631, 48.06820806617901, 48.09978406044346, 48.13115650693234, 48.16233315590142, 48.19332159035308, 48.22412923231724, 48.254763348918566, 48.2852310582384, 48.315539334979604, 48.34569501594205, 48.37570480531637, 48.405575279802996, 48.43531289356357, 48.46492398301118, 48.494414771445875, 48.523791373541535, 48.5530597996899, 48.58222596020745, 48.61129566941043, 48.640274649563224, 48.66916853470505, 48.69798287435971, 48.72672313713293, 48.75539471420172, 48.784002922699905, 48.81255300900386, 48.84105015192232, 48.86949946579398, 48.89790600349638, 48.92627475936958, 48.95461067205776, 48.982918627271985, 49.0112034604771, 49.039469959505624, 49.067722867101374, 49.09596688339554, 49.12420666831765, 49.1524468439439, 49.180691996785185, 49.20894668001698, 49.23721541565326, 49.265502696666516, 49.29381298905566, 49.3221507338639, 49.350520349148184, 49.378926231901936, 49.4073727599328, 49.43586429369679, 49.46440517809041, 49.49299974420213, 49.521652311024475, 49.55036718712808, 49.57914867229885, 49.608001059139376, 49.63692863463565, 49.66593568169016, 49.695026480622225, 49.72420531063655, 49.75347645126075, 49.78284418375277, 49.81231279247876, 49.841886566262204, 49.871569799704936, 49.901366794480545, 49.931281860600734, 49.961319317655175, 49.99148349602519, 50.02177873807174, 50.05220939929796, 50.08277984948665, 50.113494473812914, 50.1443576739321, 50.17537386904333, 50.20654749692856, 50.23788301496744, 50.26938490112787, 50.30105765493224, 50.332905798399345, 50.36493387696192, 50.397146460359494, 50.42954814350653, 50.46214354733558, 50.494937319615126, 50.527934135741916, 50.56113869950729, 50.594555743837255]]","[array([6.37688001e-05, 6.00799618e-05, 5.86664921e-05, 5.87302709e-05,
       5.97889875e-05, 6.15508293e-05, 6.38393138e-05, 6.65480830e-05,
       6.96137486e-05, 7.29995356e-05, 7.66854053e-05, 8.06620723e-05,
       8.49273653e-05, 8.94840028e-05, 9.43382257e-05, 9.94989513e-05,
       1.04977248e-04, 1.10786008e-04, 1.16939744e-04, 1.23454468e-04,
       1.30347616e-04, 1.37638015e-04, 1.45345873e-04, 1.53492782e-04,
       1.62101740e-04, 1.71197179e-04, 1.80805010e-04, 1.90952664e-04,
       2.01669148e-04, 2.12985107e-04, 2.24932883e-04, 2.37546589e-04,
       2.50862184e-04, 2.64917547e-04, 2.79752566e-04, 2.95409221e-04,
       3.11931675e-04, 3.29366369e-04, 3.47762123e-04, 3.67170228e-04,
       3.87644561e-04, 4.09241680e-04, 4.32020944e-04, 4.56044615e-04,
       4.81377973e-04, 5.08089433e-04, 5.36250652e-04, 5.65936652e-04,
       5.97225925e-04, 6.30200551e-04, 6.64946303e-04, 7.01552758e-04,
       7.40113397e-04, 7.80725696e-04, 8.23491226e-04, 8.68515720e-04,
       9.15909153e-04, 9.65785793e-04, 1.01826424e-03, 1.07346748e-03,
       1.13152282e-03, 1.19256197e-03, 1.25672090e-03, 1.32413986e-03,
       1.39496319e-03, 1.46933924e-03, 1.54742016e-03, 1.62936167e-03,
       1.71532280e-03, 1.80546555e-03, 1.89995445e-03, 1.99895617e-03,
       2.10263894e-03, 2.21117195e-03, 2.32472465e-03, 2.44346597e-03,
       2.56756342e-03, 2.69718214e-03, 2.83248376e-03, 2.97362523e-03,
       3.12075749e-03, 3.27402402e-03, 3.43355928e-03, 3.59948701e-03,
       3.77191842e-03, 3.95095024e-03, 4.13666268e-03, 4.32911722e-03,
       4.52835435e-03, 4.73439119e-03, 4.94721901e-03, 5.16680073e-03,
       5.39306837e-03, 5.62592041e-03, 5.86521927e-03, 6.11078880e-03,
       6.36241177e-03, 6.61982763e-03, 6.88273032e-03, 7.15076637e-03,
       7.42353322e-03, 7.70057789e-03, 7.98139606e-03, 8.26543149e-03,
       8.55207605e-03, 8.84067017e-03, 9.13050399e-03, 9.42081904e-03,
       9.71081066e-03, 9.99963108e-03, 1.02863932e-02, 1.05701753e-02,
       1.08500258e-02, 1.11249696e-02, 1.13940146e-02, 1.16561585e-02,
       1.19103970e-02, 1.21557313e-02, 1.23911770e-02, 1.26157726e-02,
       1.28285881e-02, 1.30287339e-02, 1.32153695e-02, 1.33877121e-02,
       1.35450466e-02, 1.36867320e-02, 1.38122063e-02, 1.39209916e-02,
       1.40126981e-02, 1.40870276e-02, 1.41437759e-02, 1.41828342e-02,
       1.42041895e-02, 1.42079237e-02, 1.41942121e-02, 1.41633199e-02,
       1.41155992e-02, 1.40514833e-02, 1.39714818e-02, 1.38761739e-02,
       1.37662019e-02, 1.36422633e-02, 1.35051042e-02, 1.33555105e-02,
       1.31943007e-02, 1.30223178e-02, 1.28404218e-02, 1.26494824e-02,
       1.24503718e-02, 1.22439585e-02, 1.20311007e-02, 1.18126410e-02,
       1.15894016e-02, 1.13621794e-02, 1.11317427e-02, 1.08988275e-02,
       1.06641351e-02, 1.04283297e-02, 1.01920374e-02, 9.95584450e-03,
       9.72029703e-03, 9.48590077e-03, 9.25312122e-03, 9.02238414e-03,
       8.79407639e-03, 8.56854692e-03, 8.34610811e-03, 8.12703715e-03,
       7.91157767e-03, 7.69994135e-03, 7.49230978e-03, 7.28883616e-03,
       7.08964722e-03, 6.89484499e-03, 6.70450866e-03, 6.51869633e-03,
       6.33744678e-03, 6.16078111e-03, 5.98870440e-03, 5.82120723e-03,
       5.65826717e-03, 5.49985013e-03, 5.34591170e-03, 5.19639836e-03,
       5.05124862e-03, 4.91039409e-03, 4.77376044e-03, 4.64126831e-03,
       4.51283417e-03, 4.38837101e-03, 4.26778909e-03, 4.15099652e-03,
       4.03789986e-03, 3.92840462e-03, 3.82241569e-03, 3.71983777e-03,
       3.62057572e-03, 3.52453488e-03, 3.43162136e-03, 3.34174225e-03,
       3.25480587e-03, 3.17072194e-03, 3.08940170e-03, 3.01075809e-03,
       2.93470582e-03, 2.86116150e-03, 2.79004364e-03, 2.72127277e-03,
       2.65477146e-03, 2.59046433e-03, 2.52827806e-03, 2.46814145e-03,
       2.40998534e-03, 2.35374266e-03, 2.29934840e-03, 2.24673954e-03,
       2.19585510e-03, 2.14663605e-03, 2.09902528e-03, 2.05296759e-03,
       2.00840964e-03, 1.96529988e-03, 1.92358854e-03, 1.88322757e-03,
       1.84417059e-03, 1.80637284e-03, 1.76979117e-03, 1.73438394e-03,
       1.70011101e-03, 1.66693368e-03, 1.63481465e-03, 1.60371797e-03,
       1.57360899e-03, 1.54445434e-03, 1.51622186e-03, 1.48888057e-03,
       1.46240063e-03, 1.43675331e-03, 1.41191092e-03, 1.38784681e-03,
       1.36453531e-03, 1.34195170e-03, 1.32007216e-03, 1.29887379e-03,
       1.27833451e-03, 1.25843306e-03, 1.23914899e-03, 1.22046258e-03,
       1.20235487e-03, 1.18480758e-03, 1.16780313e-03, 1.15132457e-03,
       1.13535558e-03, 1.11988047e-03, 1.10488410e-03, 1.09035191e-03,
       1.07626987e-03, 1.06262447e-03, 1.04940270e-03, 1.03659202e-03,
       1.02418037e-03, 1.01215613e-03, 1.00050810e-03, 9.89225490e-04,
       9.78297919e-04, 9.67715380e-04, 9.57468236e-04, 9.47547203e-04,
       9.37943339e-04, 9.28648029e-04, 9.19652976e-04, 9.10950185e-04,
       9.02531956e-04, 8.94390873e-04, 8.86519789e-04, 8.78911822e-04,
       8.71560343e-04, 8.64458965e-04, 8.57601537e-04, 8.50982136e-04,
       8.44595055e-04, 8.38434800e-04, 8.32496080e-04, 8.26773799e-04,
       8.21263052e-04, 8.15959114e-04, 8.10857441e-04, 8.05953655e-04,
       8.01243544e-04, 7.96723056e-04, 7.92388292e-04, 7.88235500e-04,
       7.84261073e-04, 7.80461542e-04, 7.76833571e-04, 7.73373956e-04,
       7.70079616e-04, 7.66947593e-04, 7.63975046e-04, 7.61159248e-04,
       7.58497580e-04, 7.55987533e-04, 7.53626698e-04, 7.51412769e-04,
       7.49343536e-04, 7.47416882e-04, 7.45630782e-04, 7.43983301e-04,
       7.42472588e-04, 7.41096876e-04, 7.39854479e-04, 7.38743790e-04,
       7.37763278e-04, 7.36911487e-04, 7.36187033e-04, 7.35588601e-04,
       7.35114946e-04, 7.34764888e-04, 7.34537314e-04, 7.34431170e-04,
       7.34445468e-04, 7.34579277e-04, 7.34831723e-04, 7.35201993e-04,
       7.35689326e-04, 7.36293016e-04, 7.37012409e-04, 7.37846904e-04,
       7.38795948e-04, 7.39859039e-04, 7.41035722e-04, 7.42325588e-04,
       7.43728276e-04, 7.45243466e-04, 7.46870885e-04, 7.48610302e-04,
       7.50461526e-04, 7.52424409e-04, 7.54498842e-04, 7.56684754e-04,
       7.58982113e-04, 7.61390927e-04, 7.63911237e-04, 7.66543121e-04,
       7.69286693e-04, 7.72142101e-04, 7.75109526e-04, 7.78189182e-04,
       7.81381316e-04, 7.84686207e-04, 7.88104163e-04, 7.91635523e-04,
       7.95280657e-04, 7.99039962e-04, 8.02913864e-04, 8.06902816e-04,
       8.11007300e-04, 8.15227822e-04, 8.19564914e-04, 8.24019134e-04,
       8.28591065e-04, 8.33281311e-04, 8.38090502e-04, 8.43019289e-04,
       8.48068345e-04])]","[[0, 6.376880005047202e-05, 0.00012384876181245863, 0.00018251525389872828, 0.0002412455247495332, 0.0003010345121998916, 0.00036258534147046796, 0.0004264246552594241, 0.0004929727382312619, 0.0005625864868406362, 0.0006355860224581207, 0.0007122714277546456, 0.0007929335000105883, 0.0008778608652815934, 0.0009673448681172027, 0.0010616830938237607, 0.001161182045102208, 0.0012661592931040638, 0.0013769453011549717, 0.0014938850456298765, 0.0016173395135782313, 0.001747687129213113, 0.0018853251444084212, 0.0020306710177570987, 0.0021841638000418954, 0.0023462655396576486, 0.0025174627186922097, 0.0026982677284698537, 0.0028892203920484675, 0.00309088954023137, 0.003303874646975926, 0.0035288075295711943, 0.0037663541185618057, 0.004017216302078985, 0.004282133848976995, 0.00456188641494617, 0.004857295635568117, 0.005169227310083693, 0.005498593679450345, 0.00584635580206432, 0.0062135260303072285, 0.006601170590838271, 0.007010412271285941, 0.007442433215689006, 0.007898477830688585, 0.008379855804073827, 0.008887945236824818, 0.009424195889269868, 0.009990132541371294, 0.010587358466464995, 0.011217559016994698, 0.011882505319891356, 0.012584058078240892, 0.013324171474747567, 0.014104897171224018, 0.014928388396909385, 0.01579690411682122, 0.01671281326957145, 0.017678599062107742, 0.01869686330666568, 0.019770330782819975, 0.020901853604891624, 0.022094415572089108, 0.02335113647562398, 0.024675276333633506, 0.026070239521057286, 0.027539578757644036, 0.029086998913006434, 0.030716360583096215, 0.03243168338764414, 0.034237148933010844, 0.036137103379542505, 0.038136059546945315, 0.04023869848541928, 0.04244987043437006, 0.04477459508450439, 0.047218061053080046, 0.04978562447611135, 0.052482806615526234, 0.05531529037375139, 0.05828891560310614, 0.06140967309287154, 0.0646836971131493, 0.06811725639183573, 0.07171674339943171, 0.0754886618162322, 0.07943961205795082, 0.08357627473931205, 0.08790539196087731, 0.09243374631265695, 0.09716813749919805, 0.10211535650511791, 0.10728215723775088, 0.11267522560493805, 0.11830114601122296, 0.1241663652849721, 0.13027715408229762, 0.136639565851116, 0.1432593934801171, 0.1501421238026127, 0.1572928901738107, 0.16471642339149972, 0.1724170012837415, 0.18039839734210236, 0.18866382883417676, 0.1972159048834679, 0.2060565750567387, 0.21518707904722975, 0.22460789808506204, 0.23431870874202035, 0.24431833982505502, 0.2546047330695733, 0.26517490834835505, 0.2760249341033096, 0.2871499036841299, 0.29854391823933507, 0.31020007675073974, 0.32211047373200374, 0.33426620502603077, 0.3466573820355504, 0.3592731546077131, 0.37210174266894225, 0.3851304765731052, 0.39834584603753964, 0.4117335581049109, 0.42527860473052403, 0.43896533673362803, 0.4527775430293626, 0.46669853461050903, 0.4807112327067123, 0.49479826032873736, 0.5089420362655412, 0.5231248705078921, 0.5373290600179341, 0.5515369837447432, 0.5657311957975426, 0.5798945157271946, 0.5940101149293233, 0.6080615982654025, 0.6220330800977625, 0.6359092540470568, 0.6496754559026093, 0.6633177192436036, 0.6768228234587867, 0.6901783339809543, 0.703372634676969, 0.7163949524518084, 0.7292353742338925, 0.7418848566069319, 0.7543352284393946, 0.7665791869355456, 0.7786102875913916, 0.7904229285847152, 0.802012330161007, 0.8133745095971159, 0.8245062523326974, 0.8354050798571255, 0.8460692149276373, 0.8564975446744109, 0.8666895821213684, 0.8766454266190772, 0.8863657236494861, 0.8958516244226076, 0.9051047456437562, 0.9141271297876022, 0.9229212061729893, 0.931489753090956, 0.9398358611983458, 0.9479628983512868, 0.9558744760170838, 0.9635744173699704, 0.9710667271459102, 0.9783555633043237, 0.9854452105202696, 0.9923400555092013, 0.9990445641678609, 1.0055632604990326, 1.0119007072746118, 1.0180614883805557, 1.024050192778581, 1.0298714000127742, 1.0355296671843375, 1.041029517314359, 1.0463754290125262, 1.0515718273689336, 1.0566230759864017, 1.0615334700718275, 1.0663072305069248, 1.0709484988211029, 1.0754613329920928, 1.0798497040031227, 1.0841174930888977, 1.0882684896062527, 1.092306389469063, 1.0962347940907489, 1.1000572097814472, 1.1037770475506148, 1.1073976232694145, 1.1109221581507305, 1.1143537795079972, 1.117695521757234, 1.120950327629709, 1.1241210495655323, 1.127210451261179, 1.1302212093464747, 1.133155915168934, 1.1360170766655415, 1.1388071203041006, 1.14152839307815, 1.1441831645411824, 1.1467736288674895, 1.1493019069284065, 1.1517700483740698, 1.1541800337120018, 1.1565337763749455, 1.1588331247713648, 1.161079864312932, 1.1632757194141383, 1.1654223554598935, 1.1675213807376452, 1.1695743483311323, 1.1715827579734166, 1.1735480578573076, 1.1754716464017105, 1.1773548739727961, 1.1791990445592249, 1.1810054174009332, 1.1827752085712537, 1.1845095925123534, 1.1862097035241688, 1.18787663720718, 1.189511451859512, 1.1911151698289664, 1.192688778820696, 1.1942332331613181, 1.1957494550203314, 1.1972383355897644, 1.1987007362230264, 1.2001374895339687, 1.201549400457193, 1.202937247270661, 1.2043017825816722, 1.2056437342772834, 1.206963806440243, 1.2082626802315117, 1.2095410147404297, 1.2107994478035846, 1.2120385967934149, 1.2132590593775683, 1.2144614142500219, 1.2156462218349404, 1.2168140249642372, 1.2179653495297713, 1.219100705111098, 1.220220585579661, 1.221325469680293, 1.2224158215908614, 1.2234920914608791, 1.224554715929867, 1.2256041186262363, 1.2266407106474277, 1.2276648910220294, 1.2286770471545594, 1.2296775552535855, 1.2306667807438263, 1.2316450786628552, 1.232612794043009, 1.2335702622790767, 1.2345178094823306, 1.2354557528214305, 1.2363844008507228, 1.2373040538264273, 1.2382150040111952, 1.2391175359674933, 1.2400119268402598, 1.240898446629257, 1.241777358451529, 1.2426489187943588, 1.2435133777590994, 1.2443709792962458, 1.2452219614320934, 1.246066556487318, 1.2469049912877994, 1.2477374873679985, 1.2485642611671806, 1.2493855242187724, 1.250201483333125, 1.2510123407739457, 1.2518182944286484, 1.2526195379728655, 1.2534162610293536, 1.2542086493215128, 1.2549968848217377, 1.2557811458947992, 1.2565616074364592, 1.257338441007502, 1.2581118149633677, 1.258881894579558, 1.259648842172982, 1.2604128172194033, 1.2611739764671412, 1.2619324740471696, 1.2626884615797611, 1.2634420882778075, 1.2641935010469476, 1.2649428445826274, 1.2656902614642116, 1.2664358922462629, 1.2671798755470967, 1.2679223481347188, 1.268663445010247, 1.2694032994889115, 1.2701420432787323, 1.2708798065569569, 1.2716167180443478, 1.2723529050774027, 1.2730884936785811, 1.2738236086246184, 1.2745583735129968, 1.2752929108266433, 1.276027341996919, 1.2767617874649675, 1.2774963667414785, 1.278231198464928, 1.2789664004583505, 1.279702089784694, 1.280438382800812, 1.2811753952101388, 1.2819132421140962, 1.2826520380622743, 1.2833918971014309, 1.2841329328233468, 1.2848752584115786, 1.2856189866871435, 1.2863642301531717, 1.2871111010385596, 1.2878597113406527, 1.288610172866992, 1.2893625972761493, 1.2901170961176769, 1.2908737808711994, 1.2916327629846693, 1.2923941539118076, 1.2931580651487526, 1.2939246082699343, 1.2946938949631908, 1.2954660370641462, 1.2962411465898633, 1.2970193357717854, 1.2978007170879788, 1.2985854032946895, 1.2993735074572212, 1.3001651429801473, 1.30096042363686, 1.3017594635984666, 1.3025623774620378, 1.3033692802782093, 1.3041802875781432, 1.3049955153998498, 1.305815080313869, 1.3066390994483146, 1.3074676905132738, 1.3083009718245673, 1.3091390623268584, 1.3099820816161114, 1.3108301499613924]]"
,,,,,,,,,
,,,,,,,,,
,,,,,,,,,
,,,,,,,,,
,,,,,,,,,
,,,,,,,,,
,,,,,,,,,
,,,,,,,,,
,,,,,,,,,
,,,,,,,,,
,,,,,,,,,
,,,,,,,,,
,,,,,,,,,
,,,,,,,,,
,,,,,,,,,
,,,,,,,,,
,,,,,,,,,
,,,,,,,,,
,,,,,,,,,
,,,,,,,,,
,,,,,,,,,
,,,,,,,,,
,,,,,,,,,
,,,,,,,,,
,,,,,,,,,
,,,,,,,,,
,,,,,,,,,
,,,,,,,,,
,,,,,,,,,
,,,,,,,,,
,,,,,,,,,
,,,,,,,,,
,,,,,,,,,
,,,,,,,,,
,,,,,,,,,
,,,,,,,,,
,,,,,,,,,
,,,,,,,,,
,,,,,,,,,
,,,,,,,,,
,,,,,,,,,
,,,,,,,,,
,,,,,,,,,
,,,,,,,,,
,,,,,,,,,
,,,,,,,,,
,,,,,,,,,
,,,,,,,,,
,,,,,,,,,
,,,,,,,,,
,,,,,,,,,
,,,,,,,,,
,,,,,,,,,
,,,,,,,,,
,,,,,,,,,
,,,,,,,,,
,,,,,,,,,
,,,,,,,,,
,,,,,,,,,
,,,,,,,,,
,,,,,,,,,
,,,,,,,,,
,,,,,,,,,
,,,,,,,,,
,,,,,,,,,
,,,,,,,,,
,,,,,,,,,
,,,,,,,,,
,,,,,,,,,
,,,,,,,,,
,,,,,,,,,
,,,,,,,,,
,,,,,,,,,
,,,,,,,,,
,,,,,,,,,
,,,,,,,,,
,,,,,,,,,
,,,,,,,,,
,,,,,,,,,
,,,,,,,,,
,,,,,,,,,
,,,,,,,,,
,,,,,,,,,
,,,,,,,,,
,,,,,,,,,
,,,,,,,,,
,,,,,,,,,
,,,,,,,,,
,,,,,,,,,
,,,,,,,,,
,,,,,,,,,
,,,,,,,,,
,,,,,,,,,
,,,,,,,,,
,,,,,,,,,
,,,,,,,,,
,,,,,,,,,
,,,,,,,,,
,,,,,,,,,
,,,,,,,,,
,,,,,,,,,
,,,,,,,,,
,,,,,,,,,
,,,,,,,,,
,,,,,,,,,
,,,,,,,,,
,,,,,,,,,
,,,,,,,,,
,,,,,,,,,
,,,,,,,,,
,,,,,,,,,
,,,,,,,,,
,,,,,,,,,
,,,,,,,,,
,,,,,,,,,
,,,,,,,,,
,,,,,,,,,
,,,,,,,,,
,,,,,,,,,
,,,,,,,,,
,,,,,,,,,
,,,,,,,,,
,,,,,,,,,
,,,,,,,,,
,,,,,,,,,
,,,,,,,,,
,,,,,,,,,
,,,,,,,,,
,,,,,,,,,
,,,,,,,,,
,,,,,,,,,
,,,,,,,,,
,,,,,,,,,
,,,,,,,,,
,,,,,,,,,
,,,,,,,,,
,,,,,,,,,
,,,,,,,,,
,,,,,,,,,
,,,,,,,,,
,,,,,,,,,
,,,,,,,,,
,,,,,,,,,
,,,,,,,,,
,,,,,,,,,
,,,,,,,,,
,,,,,,,,,
,,,,,,,,,
,,,,,,,,,
,,,,,,,,,
,,,,,,,,,
,,,,,,,,,
,,,,,,,,,
,,,,,,,,,
,,,,,,,,,
,,,,,,,,,
,,,,,,,,,
,,,,,,,,,
,,,,,,,,,
,,,,,,,,,
,,,,,,,,,
,,,,,,,,,
,,,,,,,,,
,,,,,,,,,
,,,,,,,,,
,,,,,,,,,
,,,,,,,,,
,,,,,,,,,
,,,,,,,,,
,,,,,,,,,
,,,,,,,,,
,,,,,,,,,
,,,,,,,,,
,,,,,,,,,
,,,,,,,,,
,,,,,,,,,
,,,,,,,,,
,,,,,,,,,
,,,,,,,,,
,,,,,,,,,
,,,,,,,,,
,,,,,,,,,
,,,,,,,,,
,,,,,,,,,
,,,,,,,,,
,,,,,,,,,
,,,,,,,,,
,,,,,,,,,
,,,,,,,,,
,,,,,,,,,
,,,,,,,,,
,,,,,,,,,
,,,,,,,,,
,,,,,,,,,
,,,,,,,,,
,,,,,,,,,
,,,,,,,,,
,,,,,,,,,
,,,,,,,,,
,,,,,,,,,
,,,,,,,,,
,,,,,,,,,
,,,,,,,,,
,,,,,,,,,
,,,,,,,,,
,,,,,,,,,
,,,,,,,,,
,,,,,,,,,
,,,,,,,,,
,,,,,,,,,
,,,,,,,,,
,,,,,,,,,
,,,,,,,,,
,,,,,,,,,
,,,,,,,,,
,,,,,,,,,
,,,,,,,,,
,,,,,,,,,
,,,,,,,,,
,,,,,,,,,
,,,,,,,,,
,,,,,,,,,
,,,,,,,,,
,,,,,,,,,
,,,,,,,,,
,,,,,,,,,
,,,,,,,,,
,,,,,,,,,
,,,,,,,,,
,,,,,,,,,
,,,,,,,,,
,,,,,,,,,
,,,,,,,,,
,,,,,,,,,
,,,,,,,,,
,,,,,,,,,
,,,,,,,,,
,,,,,,,,,
,,,,,,,,,
,,,,,,,,,
,,,,,,,,,
,,,,,,,,,
,,,,,,,,,
,,,,,,,,,
,,,,,,,,,
,,,,,,,,,
,,,,,,,,,
,,,,,,,,,
,,,,,,,,,
,,,,,,,,,
,,,,,,,,,
,,,,,,,,,
,,,,,,,,,
,,,,,,,,,
,,,,,,,,,
,,,,,,,,,
,,,,,,,,,
,,,,,,,,,
,,,,,,,,,
,,,,,,,,,
,,,,,,,,,
,,,,,,,,,
,,,,,,,,,
,,,,,,,,,
,,,,,,,,,
,,,,,,,,,
,,,,,,,,,
,,,,,,,,,
,,,,,,,,,
,,,,,,,,,
,,,,,,,,,
,,,,,,,,,
,,,,,,,,,
,,,,,,,,,
,,,,,,,,,
,,,,,,,,,
,,,,,,,,,
,,,,,,,,,
,,,,,,,,,
,,,,,,,,,
,,,,,,,,,
,,,,,,,,,
,,,,,,,,,
,,,,,,,,,
,,,,,,,,,
,,,,,,,,,
,,,,,,,,,
,,,,,,,,,
,,,,,,,,,
,,,,,,,,,
,,,,,,,,,
,,,,,,,,,
,,,,,,,,,
,,,,,,,,,
,,,,,,,,,
,,,,,,,,,
,,,,,,,,,
,,,,,,,,,
,,,,,,,,,
,,,,,,,,,
,,,,,,,,,
,,,,,,,,,
,,,,,,,,,
,,,,,,,,,
,,,,,,,,,
,,,,,,,,,
,,,,,,,,,
,,,,,,,,,
,,,,,,,,,
,,,,,,,,,
,,,,,,,,,
,,,,,,,,,
,,,,,,,,,
,,,,,,,,,
,,,,,,,,,
,,,,,,,,,
,,,,,,,,,
,,,,,,,,,
,,,,,,,,,
,,,,,,,,,
,,,,,,,,,
,,,,,,,,,
,,,,,,,,,
,,,,,,,,,
,,,,,,,,,
,,,,,,,,,
,,,,,,,,,
,,,,,,,,,
,,,,,,,,,
,,,,,,,,,
,,,,,,,,,
,,,,,,,,,
,,,,,,,,,
,,,,,,,,,
,,,,,,,,,
,,,,,,,,,
,,,,,,,,,
,,,,,,,,,
,,,,,,,,,
,,,,,,,,,
,,,,,,,,,
,,,,,,,,,
,,,,,,,,,
,,,,,,,,,
,,,,,,,,,
,,,,,,,,,
,,,,,,,,,
,,,,,,,,,
,,,,,,,,,
,,,,,,,,,
,,,,,,,,,
,,,,,,,,,
,,,,,,,,,
,,,,,,,,,
,,,,,,,,,
,,,,,,,,,
,,,,,,,,,
,,,,,,,,,
,,,,,,,,,
,,,,,,,,,
,,,,,,,,,
,,,,,,,,,
,,,,,,,,,
,,,,,,,,,
,,,,,,,,,
,,,,,,,,,
,,,,,,,,,
,,,,,,,,,
,,,,,,,,,
,,,,,,,,,
,,,,,,,,,
,,,,,,,,,
,,,,,,,,,
,,,,,,,,,
,,,,,,,,,
,,,,,,,,,
,,,,,,,,,
,,,,,,,,,
,,,,,,,,,
,,,,,,,,,
,,,,,,,,,
,,,,,,,,,
,,,,,,,,,
,,,,,,,,,
,,,,,,,,,
,,,,,,,,,
,,,,,,,,,
,,,,,,,,,
,,,,,,,,,
,,,,,,,,,
,,,,,,,,,
,,,,,,,,,
,,,,,,,,,
,,,,,,,,,
,,,,,,,,,
,,,,,,,,,
,,,,,,,,,
,,,,,,,,,
,,,,,,,,,
,,,,,,,,,
,,,,,,,,,
,,,,,,,,,
,,,,,,,,,
,,,,,,,,,
,,,,,,,,,
,,,,,,,,,
,,,,,,,,,
,,,,,,,,,
,,,,,,,,,
,,,,,,,,,
,,,,,,,,,
,,,,,,,,,
,,,,,,,,,
,,,,,,,,,
,,,,,,,,,
,,,,,,,,,
,,,,,,,,,
,,,,,,,,,
,,,,,,,,,
,,,,,,,,,
,,,,,,,,,
,,,,,,,,,
,,,,,,,,,
,,,,,,,,,
,,,,,,,,,
,,,,,,,,,
,,,,,,,,,
,,,,,,,,,
,,,,,,,,,
,,,,,,,,,
,,,,,,,,,
,,,,,,,,,
,,,,,,,,,
,,,,,,,,,
,,,,,,,,,
,,,,,,,,,
,,,,,,,,,
,,,,,,,,,
,,,,,,,,,
,,,,,,,,,
,,,,,,,,,
,,,,,,,,,
,,,,,,,,,
,,,,,,,,,
,,,,,,,,,
,,,,,,,,,
,,,,,,,,,
,,,,,,,,,
,,,,,,,,,
,,,,,,,,,
,,,,,,,,,
,,,,,,,,,
,,,,,,,,,
,,,,,,,,,
,,,,,,,,,
,,,,,,,,,
,,,,,,,,,
,,,,,,,,,
,,,,,,,,,
,,,,,,,,,
,,,,,,,,,
,,,,,,,,,
,,,,,,,,,
,,,,,,,,,
,,,,,,,,,
,,,,,,,,,
,,,,,,,,,
,,,,,,,,,
,,,,,,,,,
,,,,,,,,,
,,,,,,,,,
,,,,,,,,,
,,,,,,,,,
,,,,,,,,,
,,,,,,,,,
,,,,,,,,,
,,,,,,,,,
,,,,,,,,,
,,,,,,,,,
,,,,,,,,,
,,,,,,,,,
,,,,,,,,,
,,,,,,,,,
,,,,,,,,,
,,,,,,,,,
,,,,,,,,,
,,,,,,,,,
,,,,,,,,,
,,,,,,,,,
,,,,,,,,,
,,,,,,,,,
,,,,,,,,,
,,,,,,,,,
,,,,,,,,,
,,,,,,,,,
,,,,,,,,,
,,,,,,,,,
,,,,,,,,,
,,,,,,,,,
,,,,,,,,,
,,,,,,,,,
,,,,,,,,,
,,,,,,,,,
,,,,,,,,,
,,,,,,,,,
,,,,,,,,,
,,,,,,,,,
,,,,,,,,,
,,,,,,,,,
,,,,,,,,,
,,,,,,,,,
,,,,,,,,,
,,,,,,,,,
,,,,,,,,,
,,,,,,,,,
,,,,,,,,,
,,,,,,,,,
,,,,,,,,,
,,,,,,,,,
,,,,,,,,,
,,,,,,,,,
,,,,,,,,,
,,,,,,,,,
,,,,,,,,,
,,,,,,,,,
,,,,,,,,,
,,,,,,,,,
,,,,,,,,,
,,,,,,,,,
,,,,,,,,,
,,,,,,,,,
,,,,,,,,,
,,,,,,,,,
,,,,,,,,,
,,,,,,,,,
,,,,,,,,,
,,,,,,,,,
,,,,,,,,,
,,,,,,,,,
,,,,,,,,,
,,,,,,,,,
,,,,,,,,,
,,,,,,,,,
,,,,,,,,,
,,,,,,,,,
,,,,,,,,,
,,,,,,,,,
,,,,,,,,,
,,,,,,,,,
,,,,,,,,,
,,,,,,,,,
,,,,,,,,,
,,,,,,,,,
,,,,,,,,,
,,,,,,,,,
,,,,,,,,,
,,,,,,,,,
,,,,,,,,,
,,,,,,,,,
,,,,,,,,,
,,,,,,,,,
,,,,,,,,,
,,,,,,,,,
,,,,,,,,,
,,,,,,,,,
,,,,,,,,,
,,,,,,,,,
,,,,,,,,,
,,,,,,,,,
,,,,,,,,,
,,,,,,,,,
,,,,,,,,,
,,,,,,,,,
,,,,,,,,,
,,,,,,,,,
,,,,,,,,,
,,,,,,,,,
,,,,,,,,,
,,,,,,,,,
,,,,,,,,,
,,,,,,,,,
,,,,,,,,,
,,,,,,,,,
,,,,,,,,,
,,,,,,,,,
,,,,,,,,,
,,,,,,,,,
,,,,,,,,,
,,,,,,,,,
,,,,,,,,,
,,,,,,,,,
,,,,,,,,,
,,,,,,,,,
,,,,,,,,,
,,,,,,,,,
,,,,,,,,,
,,,,,,,,,
,,,,,,,,,
,,,,,,,,,
,,,,,,,,,
,,,,,,,,,
,,,,,,,,,
,,,,,,,,,
,,,,,,,,,
,,,,,,,,,
,,,,,,,,,
,,,,,,,,,
,,,,,,,,,
,,,,,,,,,
,,,,,,,,,
,,,,,,,,,
,,,,,,,,,
,,,,,,,,,
,,,,,,,,,
,,,,,,,,,
,,,,,,,,,
,,,,,,,,,
,,,,,,,,,
,,,,,,,,,
,,,,,,,,,
,,,,,,,,,
,,,,,,,,,
,,,,,,,,,
,,,,,,,,,
,,,,,,,,,
,,,,,,,,,
,,,,,,,,,
,,,,,,,,,
,,,,,,,,,
,,,,,,,,,
,,,,,,,,,
,,,,,,,,,
,,,,,,,,,
,,,,,,,,,
,,,,,,,,,
,,,,,,,,,
,,,,,,,,,
,,,,,,,,,
,,,,,,,,,
,,,,,,,,,
,,,,,,,,,
,,,,,,,,,
,,,,,,,,,
,,,,,,,,,
,,,,,,,,,
,,,,,,,,,
,,,,,,,,,
,,,,,,,,,
,,,,,,,,,
,,,,,,,,,
,,,,,,,,,
,,,,,,,,,
,,,,,,,,,
,,,,,,,,,
,,,,,,,,,
,,,,,,,,,
,,,,,,,,,
,,,,,,,,,
,,,,,,,,,
,,,,,,,,,
,,,,,,,,,
,,,,,,,,,
,,,,,,,,,
,,,,,,,,,
,,,,,,,,,
,,,,,,,,,
,,,,,,,,,
,,,,,,,,,
,,,,,,,,,
,,,,,,,,,
,,,,,,,,,
,,,,,,,,,
,,,,,,,,,
,,,,,,,,,
,,,,,,,,,
,,,,,,,,,
,,,,,,,,,
,,,,,,,,,
,,,,,,,,,
,,,,,,,,,
,,,,,,,,,
,,,,,,,,,
,,,,,,,,,
,,,,,,,,,
,,,,,,,,,
,,,,,,,,,
,,,,,,,,,
,,,,,,,,,
,,,,,,,,,
,,,,,,,,,
,,,,,,,,,
,,,,,,,,,
,,,,,,,,,
,,,,,,,,,
,,,,,,,,,
,,,,,,,,,
,,,,,,,,,
,,,,,,,,,
,,,,,,,,,
,,,,,,,,,
,,,,,,,,,
,,,,,,,,,
,,,,,,,,,
,,,,,,,,,
,,,,,,,,,
,,,,,,,,,
,,,,,,,,,
,,,,,,,,,
,,,,,,,,,
,,,,,,,,,
,,,,,,,,,
,,,,,,,,,
,,,,,,,,,
,,,,,,,,,
,,,,,,,,,
,,,,,,,,,
,,,,,,,,,
,,,,,,,,,
,,,,,,,,,
,,,,,,,,,
,,,,,,,,,
,,,,,,,,,
,,,,,,,,,
,,,,,,,,,
,,,,,,,,,
,,,,,,,,,
,,,,,,,,,
,,,,,,,,,
,,,,,,,,,
,,,,,,,,,
,,,,,,,,,
,,,,,,,,,
,,,,,,,,,
,,,,,,,,,
,,,,,,,,,
,,,,,,,,,
,,,,,,,,,
,,,,,,,,,
,,,,,,,,,
,,,,,,,,,
,,,,,,,,,
,,,,,,,,,
,,,,,,,,,
,,,,,,,,,
,,,,,,,,,
,,,,,,,,,
,,,,,,,,,
,,,,,,,,,
,,,,,,,,,
,,,,,,,,,
,,,,,,,,,
,,,,,,,,,
,,,,,,,,,
,,,,,,,,,
,,,,,,,,,
,,,,,,,,,
,,,,,,,,,
,,,,,,,,,
,,,,,,,,,
,,,,,,,,,
,,,,,,,,,
,,,,,,,,,
,,,,,,,,,
,,,,,,,,,
,,,,,,,,,
,,,,,,,,,
,,,,,,,,,
,,,,,,,,,
,,,,,,,,,
,,,,,,,,,
,,,,,,,,,
,,,,,,,,,
,,,,,,,,,
,,,,,,,,,
,,,,,,,,,
,,,,,,,,,
,,,,,,,,,
,,,,,,,,,
,,,,,,,,,
,,,,,,,,,
,,,,,,,,,
,,,,,,,,,
,,,,,,,,,
,,,,,,,,,
,,,,,,,,,
,,,,,,,,,
,,,,,,,,,
,,,,,,,,,
,,,,,,,,,
,,,,,,,,,
,,,,,,,,,
,,,,,,,,,
,,,,,,,,,
,,,,,,,,,
,,,,,,,,,
,,,,,,,,,
,,,,,,,,,
,,,,,,,,,
,,,,,,,,,
,,,,,,,,,
,,,,,,,,,
,,,,,,,,,
,,,,,,,,,
,,,,,,,,,
,,,,,,,,,
,,,,,,,,,
,,,,,,,,,
,,,,,,,,,
,,,,,,,,,
,,,,,,,,,
,,,,,,,,,
,,,,,,,,,
,,,,,,,,,
,,,,,,,,,
,,,,,,,,,
,,,,,,,,,
,,,,,,,,,
,,,,,,,,,
,,,,,,,,,
,,,,,,,,,
,,,,,,,,,
,,,,,,,,,
,,,,,,,,,
,,,,,,,,,
,,,,,,,,,
,,,,,,,,,
,,,,,,,,,
,,,,,,,,,
,,,,,,,,,
,,,,,,,,,
,,,,,,,,,
,,,,,,,,,
,,,,,,,,,
,,,,,,,,,
,,,,,,,,,
,,,,,,,,,
,,,,,,,,,
,,,,,,,,,
,,,,,,,,,
,,,,,,,,,
,,,,,,,,,
,,,,,,,,,
,,,,,,,,,
,,,,,,,,,
,,,,,,,,,
,,,,,,,,,
,,,,,,,,,
,,,,,,,,,
,,,,,,,,,
,,,,,,,,,
,,,,,,,,,
,,,,,,,,,
,,,,,,,,,
,,,,,,,,,
,,,,,,,,,
,,,,,,,,,
,,,,,,,,,
,,,,,,,,,
,,,,,,,,,
,,,,,,,,,
,,,,,,,,,
,,,,,,,,,
,,,,,,,,,
,,,,,,,,,
,,,,,,,,,
,,,,,,,,,
,,,,,,,,,
,,,,,,,,,
,,,,,,,,,
,,,,,,,,,
,,,,,,,,,
,,,,,,,,,
,,,,,,,,,
,,,,,,,,,
,,,,,,,,,
,,,,,,,,,
,,,,,,,,,
,,,,,,,,,
,,,,,,,,,
,,,,,,,,,
,,,,,,,,,
,,,,,,,,,
,,,,,,,,,
,,,,,,,,,
,,,,,,,,,
,,,,,,,,,
,,,,,,,,,
,,,,,,,,,
,,,,,,,,,
,,,,,,,,,
,,,,,,,,,
,,,,,,,,,
,,,,,,,,,
,,,,,,,,,
,,,,,,,,,
,,,,,,,,,
,,,,,,,,,
,,,,,,,,,
,,,,,,,,,
,,,,,,,,,
,,,,,,,,,
,,,,,,,,,
,,,,,,,,,
,,,,,,,,,
,,,,,,,,,
,,,,,,,,,
,,,,,,,,,
,,,,,,,,,
,,,,,,,,,
,,,,,,,,,
,,,,,,,,,
,,,,,,,,,
,,,,,,,,,
,,,,,,,,,
,,,,,,,,,
,,,,,,,,,
,,,,,,,,,
,,,,,,,,,
,,,,,,,,,
,,,,,,,,,
,,,,,,,,,
,,,,,,,,,
,,,,,,,,,
,,,,,,,,,
,,,,,,,,,
,,,,,,,,,
,,,,,,,,,
,,,,,,,,,
,,,,,,,,,
,,,,,,,,,
,,,,,,,,,
,,,,,,,,,
,,,,,,,,,
,,,,,,,,,
,,,,,,,,,
,,,,,,,,,
,,,,,,,,,
,,,,,,,,,
,,,,,,,,,
,,,,,,,,,
,,,,,,,,,
,,,,,,,,,
,,,,,,,,,
,,,,,,,,,
,,,,,,,,,
,,,,,,,,,
,,,,,,,,,
,,,,,,,,,
,,,,,,,,,
,,,,,,,,,
,,,,,,,,,
,,,,,,,,,
,,,,,,,,,
,,,,,,,,,
,,,,,,,,,
,,,,,,,,,
,,,,,,,,,
,,,,,,,,,
,,,,,,,,,
,,,,,,,,,
,,,,,,,,,
,,,,,,,,,
,,,,,,,,,
,,,,,,,,,
,,,,,,,,,
,,,,,,,,,
,,,,,,,,,
,,,,,,,,,
,,,,,,,,,
,,,,,,,,,
,,,,,,,,,
,,,,,,,,,
,,,,,,,,,
,,,,,,,,,
,,,,,,,,,
,,,,,,,,,
,,,,,,,,,
,,,,,,,,,
,,,,,,,,,
,,,,,,,,,
,,,,,,,,,
,,,,,,,,,
,,,,,,,,,
,,,,,,,,,
,,,,,,,,,
,,,,,,,,,
,,,,,,,,,
,,,,,,,,,
,,,,,,,,,
,,,,,,,,,
,,,,,,,,,
,,,,,,,,,
,,,,,,,,,
,,,,,,,,,
,,,,,,,,,
,,,,,,,,,
,,,,,,,,,
,,,,,,,,,
,,,,,,,,,
,,,,,,,,,
,,,,,,,,,
,,,,,,,,,
,,,,,,,,,
,,,,,,,,,
,,,,,,,,,
,,,,,,,,,
,,,,,,,,,
,,,,,,,,,
,,,,,,,,,
,,,,,,,,,
,,,,,,,,,
,,,,,,,,,
,,,,,,,,,
,,,,,,,,,
,,,,,,,,,
,,,,,,,,,
,,,,,,,,,
,,,,,,,,,
,,,,,,,,,
,,,,,,,,,
,,,,,,,,,
,,,,,,,,,
,,,,,,,,,
,,,,,,,,,
,,,,,,,,,
,,,,,,,,,
,,,,,,,,,
,,,,,,,,,
,,,,,,,,,
,,,,,,,,,
,,,,,,,,,
,,,,,,,,,
,,,,,,,,,
,,,,,,,,,
,,,,,,,,,
,,,,,,,,,
,,,,,,,,,
,,,,,,,,,
,,,,,,,,,
,,,,,,,,,
,,,,,,,,,
,,,,,,,,,
,,,,,,,,,
,,,,,,,,,
,,,,,,,,,
,,,,,,,,,
,,,,,,,,,
,,,,,,,,,
,,,,,,,,,
,,,,,,,,,
,,,,,,,,,
,,,,,,,,,
,,,,,,,,,
,,,,,,,,,
,,,,,,,,,
,,,,,,,,,
,,,,,,,,,
,,,,,,,,,
,,,,,,,,,
,,,,,,,,,
,,,,,,,,,
,,,,,,,,,
,,,,,,,,,
,,,,,,,,,
,,,,,,,,,
,,,,,,,,,
,,,,,,,,,
,,,,,,,,,
,,,,,,,,,
,,,,,,,,,
,,,,,,,,,
,,,,,,,,,
,,,,,,,,,
,,,,,,,,,
,,,,,,,,,
,,,,,,,,,
,,,,,,,,,
,,,,,,,,,
,,,,,,,,,
,,,,,,,,,
,,,,,,,,,
,,,,,,,,,
,,,,,,,,,
,,,,,,,,,
,,,,,,,,,
,,,,,,,,,
,,,,,,,,,
,,,,,,,,,
,,,,,,,,,
,,,,,,,,,
,,,,,,,,,
,,,,,,,,,
,,,,,,,,,
,,,,,,,,,
,,,,,,,,,
,,,,,,,,,
,,,,,,,,,
,,,,,,,,,
